{
  "list" : [
    {
      "areaParentId" : 0,
      "areaDeep" : 1,
      "id" : 21342,
      "areaRegion" : "",
      "jdAreaId" : 1,
      "name" : "北京",
      "areaSort" : 0
    },
    {
      "areaParentId" : 0,
      "areaDeep" : 1,
      "id" : 25134,
      "areaRegion" : "",
      "jdAreaId" : 2,
      "name" : "上海",
      "areaSort" : 0
    },
    {
      "areaParentId" : 0,
      "areaDeep" : 1,
      "id" : 23116,
      "areaRegion" : "",
      "jdAreaId" : 3,
      "name" : "天津",
      "areaSort" : 0
    },
    {
      "areaParentId" : 0,
      "areaDeep" : 1,
      "id" : 20224,
      "areaRegion" : "",
      "jdAreaId" : 4,
      "name" : "重庆",
      "areaSort" : 0
    },
    {
      "areaParentId" : 0,
      "areaDeep" : 1,
      "id" : 17565,
      "areaRegion" : "",
      "jdAreaId" : 5,
      "name" : "河北",
      "areaSort" : 0
    },
    {
      "areaParentId" : 0,
      "areaDeep" : 1,
      "id" : 10129,
      "areaRegion" : "",
      "jdAreaId" : 6,
      "name" : "山西",
      "areaSort" : 0
    },
    {
      "areaParentId" : 0,
      "areaDeep" : 1,
      "id" : 43811,
      "areaRegion" : "",
      "jdAreaId" : 7,
      "name" : "河南",
      "areaSort" : 0
    },
    {
      "areaParentId" : 0,
      "areaDeep" : 1,
      "id" : 1,
      "areaRegion" : "",
      "jdAreaId" : 8,
      "name" : "辽宁",
      "areaSort" : 0
    },
    {
      "areaParentId" : 0,
      "areaDeep" : 1,
      "id" : 22120,
      "areaRegion" : "",
      "jdAreaId" : 9,
      "name" : "吉林",
      "areaSort" : 0
    },
    {
      "areaParentId" : 0,
      "areaDeep" : 1,
      "id" : 3171,
      "areaRegion" : "",
      "jdAreaId" : 10,
      "name" : "黑龙江",
      "areaSort" : 0
    },
    {
      "areaParentId" : 0,
      "areaDeep" : 1,
      "id" : 30791,
      "areaRegion" : "",
      "jdAreaId" : 11,
      "name" : "内蒙古",
      "areaSort" : 0
    },
    {
      "areaParentId" : 0,
      "areaDeep" : 1,
      "id" : 26918,
      "areaRegion" : "",
      "jdAreaId" : 12,
      "name" : "江苏",
      "areaSort" : 0
    },
    {
      "areaParentId" : 0,
      "areaDeep" : 1,
      "id" : 32250,
      "areaRegion" : "",
      "jdAreaId" : 13,
      "name" : "山东",
      "areaSort" : 0
    },
    {
      "areaParentId" : 0,
      "areaDeep" : 1,
      "id" : 38734,
      "areaRegion" : "",
      "jdAreaId" : 14,
      "name" : "安徽",
      "areaSort" : 0
    },
    {
      "areaParentId" : 0,
      "areaDeep" : 1,
      "id" : 23449,
      "areaRegion" : "",
      "jdAreaId" : 15,
      "name" : "浙江",
      "areaSort" : 0
    },
    {
      "areaParentId" : 0,
      "areaDeep" : 1,
      "id" : 13677,
      "areaRegion" : "",
      "jdAreaId" : 16,
      "name" : "福建",
      "areaSort" : 0
    },
    {
      "areaParentId" : 0,
      "areaDeep" : 1,
      "id" : 46574,
      "areaRegion" : "",
      "jdAreaId" : 17,
      "name" : "湖北",
      "areaSort" : 0
    },
    {
      "areaParentId" : 0,
      "areaDeep" : 1,
      "id" : 34368,
      "areaRegion" : "",
      "jdAreaId" : 18,
      "name" : "湖南",
      "areaSort" : 0
    },
    {
      "areaParentId" : 0,
      "areaDeep" : 1,
      "id" : 11852,
      "areaRegion" : "",
      "jdAreaId" : 19,
      "name" : "广东",
      "areaSort" : 0
    },
    {
      "areaParentId" : 0,
      "areaDeep" : 1,
      "id" : 40480,
      "areaRegion" : "",
      "jdAreaId" : 20,
      "name" : "广西",
      "areaSort" : 0
    },
    {
      "areaParentId" : 0,
      "areaDeep" : 1,
      "id" : 41862,
      "areaRegion" : "",
      "jdAreaId" : 21,
      "name" : "江西",
      "areaSort" : 0
    },
    {
      "areaParentId" : 0,
      "areaDeep" : 1,
      "id" : 5033,
      "areaRegion" : "",
      "jdAreaId" : 22,
      "name" : "四川",
      "areaSort" : 0
    },
    {
      "areaParentId" : 0,
      "areaDeep" : 1,
      "id" : 24763,
      "areaRegion" : "",
      "jdAreaId" : 23,
      "name" : "海南",
      "areaSort" : 0
    },
    {
      "areaParentId" : 0,
      "areaDeep" : 1,
      "id" : 14951,
      "areaRegion" : "",
      "jdAreaId" : 24,
      "name" : "贵州",
      "areaSort" : 0
    },
    {
      "areaParentId" : 0,
      "areaDeep" : 1,
      "id" : 25275,
      "areaRegion" : "",
      "jdAreaId" : 25,
      "name" : "云南",
      "areaSort" : 0
    },
    {
      "areaParentId" : 0,
      "areaDeep" : 1,
      "id" : 28451,
      "areaRegion" : "",
      "jdAreaId" : 26,
      "name" : "西藏",
      "areaSort" : 0
    },
    {
      "areaParentId" : 0,
      "areaDeep" : 1,
      "id" : 1413,
      "areaRegion" : "",
      "jdAreaId" : 27,
      "name" : "陕西",
      "areaSort" : 0
    },
    {
      "areaParentId" : 0,
      "areaDeep" : 1,
      "id" : 37173,
      "areaRegion" : "",
      "jdAreaId" : 28,
      "name" : "甘肃",
      "areaSort" : 0
    },
    {
      "areaParentId" : 0,
      "areaDeep" : 1,
      "id" : 16802,
      "areaRegion" : "",
      "jdAreaId" : 29,
      "name" : "青海",
      "areaSort" : 0
    },
    {
      "areaParentId" : 0,
      "areaDeep" : 1,
      "id" : 17301,
      "areaRegion" : "",
      "jdAreaId" : 30,
      "name" : "宁夏",
      "areaSort" : 0
    },
    {
      "areaParentId" : 0,
      "areaDeep" : 1,
      "id" : 29298,
      "areaRegion" : "",
      "jdAreaId" : 31,
      "name" : "新疆",
      "areaSort" : 0
    },
    {
      "areaParentId" : 0,
      "areaDeep" : 1,
      "id" : 21734,
      "areaRegion" : "",
      "jdAreaId" : 32,
      "name" : "台湾",
      "areaSort" : 0
    },
    {
      "areaParentId" : 0,
      "areaDeep" : 1,
      "id" : 25131,
      "areaRegion" : "",
      "jdAreaId" : 84,
      "name" : "钓鱼岛",
      "areaSort" : 0
    },
    {
      "areaParentId" : 0,
      "areaDeep" : 1,
      "id" : 25103,
      "areaRegion" : "",
      "jdAreaId" : 52993,
      "name" : "港澳",
      "areaSort" : 0
    }
  ]
}
