{
  "list" : [
    {
      "areaParentId" : 22,
      "areaDeep" : 2,
      "id" : 5481,
      "areaRegion" : "",
      "jdAreaId" : 1930,
      "name" : "成都市",
      "areaSort" : 0
    },
    {
      "areaParentId" : 22,
      "areaDeep" : 2,
      "id" : 6420,
      "areaRegion" : "",
      "jdAreaId" : 1946,
      "name" : "自贡市",
      "areaSort" : 0
    },
    {
      "areaParentId" : 22,
      "areaDeep" : 2,
      "id" : 7800,
      "areaRegion" : "",
      "jdAreaId" : 1950,
      "name" : "攀枝花市",
      "areaSort" : 0
    },
    {
      "areaParentId" : 22,
      "areaDeep" : 2,
      "id" : 5897,
      "areaRegion" : "",
      "jdAreaId" : 1954,
      "name" : "泸州市",
      "areaSort" : 0
    },
    {
      "areaParentId" : 22,
      "areaDeep" : 2,
      "id" : 9482,
      "areaRegion" : "",
      "jdAreaId" : 1960,
      "name" : "绵阳市",
      "areaSort" : 0
    },
    {
      "areaParentId" : 22,
      "areaDeep" : 2,
      "id" : 7668,
      "areaRegion" : "",
      "jdAreaId" : 1962,
      "name" : "德阳市",
      "areaSort" : 0
    },
    {
      "areaParentId" : 22,
      "areaDeep" : 2,
      "id" : 7411,
      "areaRegion" : "",
      "jdAreaId" : 1977,
      "name" : "广元市",
      "areaSort" : 0
    },
    {
      "areaParentId" : 22,
      "areaDeep" : 2,
      "id" : 8556,
      "areaRegion" : "",
      "jdAreaId" : 1983,
      "name" : "遂宁市",
      "areaSort" : 0
    },
    {
      "areaParentId" : 22,
      "areaDeep" : 2,
      "id" : 8039,
      "areaRegion" : "",
      "jdAreaId" : 1988,
      "name" : "内江市",
      "areaSort" : 0
    },
    {
      "areaParentId" : 22,
      "areaDeep" : 2,
      "id" : 5034,
      "areaRegion" : "",
      "jdAreaId" : 1993,
      "name" : "乐山市",
      "areaSort" : 0
    },
    {
      "areaParentId" : 22,
      "areaDeep" : 2,
      "id" : 7195,
      "areaRegion" : "",
      "jdAreaId" : 2005,
      "name" : "宜宾市",
      "areaSort" : 0
    },
    {
      "areaParentId" : 22,
      "areaDeep" : 2,
      "id" : 9138,
      "areaRegion" : "",
      "jdAreaId" : 2016,
      "name" : "广安市",
      "areaSort" : 0
    },
    {
      "areaParentId" : 22,
      "areaDeep" : 2,
      "id" : 8695,
      "areaRegion" : "",
      "jdAreaId" : 2022,
      "name" : "南充市",
      "areaSort" : 0
    },
    {
      "areaParentId" : 22,
      "areaDeep" : 2,
      "id" : 9799,
      "areaRegion" : "",
      "jdAreaId" : 2033,
      "name" : "达州市",
      "areaSort" : 0
    },
    {
      "areaParentId" : 22,
      "areaDeep" : 2,
      "id" : 5273,
      "areaRegion" : "",
      "jdAreaId" : 2042,
      "name" : "巴中市",
      "areaSort" : 0
    },
    {
      "areaParentId" : 22,
      "areaDeep" : 2,
      "id" : 7870,
      "areaRegion" : "",
      "jdAreaId" : 2047,
      "name" : "雅安市",
      "areaSort" : 0
    },
    {
      "areaParentId" : 22,
      "areaDeep" : 2,
      "id" : 9338,
      "areaRegion" : "",
      "jdAreaId" : 2058,
      "name" : "眉山市",
      "areaSort" : 0
    },
    {
      "areaParentId" : 22,
      "areaDeep" : 2,
      "id" : 8172,
      "areaRegion" : "",
      "jdAreaId" : 2065,
      "name" : "资阳市",
      "areaSort" : 0
    },
    {
      "areaParentId" : 22,
      "areaDeep" : 2,
      "id" : 8300,
      "areaRegion" : "",
      "jdAreaId" : 2070,
      "name" : "阿坝州",
      "areaSort" : 0
    },
    {
      "areaParentId" : 22,
      "areaDeep" : 2,
      "id" : 6058,
      "areaRegion" : "",
      "jdAreaId" : 2084,
      "name" : "甘孜州",
      "areaSort" : 0
    },
    {
      "areaParentId" : 22,
      "areaDeep" : 2,
      "id" : 6540,
      "areaRegion" : "",
      "jdAreaId" : 2103,
      "name" : "凉山州",
      "areaSort" : 0
    }
  ]
}
